{"extensionType":"field_faas","i18nMap":{},"fields":[{"fieldType":25,"uiSchema":{"fieldsConfigEditor":{"component":"OpenFieldMetaEditor","props":{"schema":{"items":[{"key":"sourceAmountField","label":"选择金额字段","component":"FieldSelect","props":{"supportType":[2]},"validator":{"required":true}},{"key":"sourceCurrency","label":"选择源货币","component":"SingleSelect","defaultValue":{"label":"CNY - ¥ 人民币","value":"CNY"},"props":{"options":[{"label":"USD - $ 美元","value":"USD"},{"label":"EUR - € 欧元","value":"EUR"},{"label":"JPY - ¥ 日元","value":"JPY"},{"label":"GBP - £ 英镑","value":"GBP"},{"label":"CNY - ¥ 人民币","value":"CNY"},{"label":"AUD - $ 澳大利亚元","value":"AUD"},{"label":"CAD - $ 加拿大元","value":"CAD"},{"label":"CHF - Fr 瑞士法郎","value":"CHF"},{"label":"HKD - $ 港币","value":"HKD"},{"label":"SGD - $ 新加坡元","value":"SGD"},{"label":"SEK - kr 瑞典克朗","value":"SEK"},{"label":"NOK - kr 挪威克朗","value":"NOK"},{"label":"KRW - ₩ 韩元","value":"KRW"},{"label":"TWD - NT$ 新台币","value":"TWD"},{"label":"NZD - $ 新西兰元","value":"NZD"},{"label":"THB - ฿ 泰国铢","value":"THB"},{"label":"PHP - ₱ 菲律宾比索","value":"PHP"},{"label":"IDR - Rp 印度尼西亚盾","value":"IDR"},{"label":"MYR - RM 马来西亚林吉特","value":"MYR"},{"label":"RUB - ₽ 俄罗斯卢布","value":"RUB"},{"label":"INR - ₹ 印度卢比","value":"INR"},{"label":"BRL - R$ 巴西雷亚尔","value":"BRL"},{"label":"ZAR - R 南非兰特","value":"ZAR"},{"label":"MXN - $ 墨西哥比索","value":"MXN"},{"label":"PLN - zł 波兰兹罗提","value":"PLN"}]},"validator":{"required":true}},{"key":"targetCurrency","label":"选择目标货币","component":"SingleSelect","defaultValue":{"label":"USD - $ 美元","value":"USD"},"props":{"options":[{"label":"USD - $ 美元","value":"USD"},{"label":"EUR - € 欧元","value":"EUR"},{"label":"JPY - ¥ 日元","value":"JPY"},{"label":"GBP - £ 英镑","value":"GBP"},{"label":"CNY - ¥ 人民币","value":"CNY"},{"label":"AUD - $ 澳大利亚元","value":"AUD"},{"label":"CAD - $ 加拿大元","value":"CAD"},{"label":"CHF - Fr 瑞士法郎","value":"CHF"},{"label":"HKD - $ 港币","value":"HKD"},{"label":"SGD - $ 新加坡元","value":"SGD"},{"label":"SEK - kr 瑞典克朗","value":"SEK"},{"label":"NOK - kr 挪威克朗","value":"NOK"},{"label":"KRW - ₩ 韩元","value":"KRW"},{"label":"TWD - NT$ 新台币","value":"TWD"},{"label":"NZD - $ 新西兰元","value":"NZD"},{"label":"THB - ฿ 泰国铢","value":"THB"},{"label":"PHP - ₱ 菲律宾比索","value":"PHP"},{"label":"IDR - Rp 印度尼西亚盾","value":"IDR"},{"label":"MYR - RM 马来西亚林吉特","value":"MYR"},{"label":"RUB - ₽ 俄罗斯卢布","value":"RUB"},{"label":"INR - ₹ 印度卢比","value":"INR"},{"label":"BRL - R$ 巴西雷亚尔","value":"BRL"},{"label":"ZAR - R 南非兰特","value":"ZAR"},{"label":"MXN - $ 墨西哥比索","value":"MXN"},{"label":"PLN - zł 波兰兹罗提","value":"PLN"}]},"validator":{"required":true}}]}}}},"presetFieldConfig":{"fieldProperty":{"propertyType":25,"icon":{"light":"https://lf3-static.bytednsdoc.com/obj/eden-cn/eqgeh7upeubqnulog/chatbot.svg"},"properties":[{"key":"id","title":"ID","hidden":true,"propertyType":1},{"key":"primaryProperty","title":"换算金额","propertyType":2},{"key":"rateInfo","title":"参考汇率","propertyType":2}]},"externalEditorConfig":{}},"disableAutoUpdate":false}]}